Model A :: String;Model A: Object Count :: Size;Model A: Reference Count :: Size;Model B :: String;Model B: Object Count :: Size;Model B: Reference Count :: Size;Rule Set Reduction :: Time;Execution: Create Graphs + Execute Recognition Rules :: Time;Create Graph :: Split Time :: Time;Create Graph :: Split Time :: Minimum;Create Graph :: Split Time :: Minimum Info;Create Graph :: Split Time :: Maximum;Create Graph :: Split Time :: Maximum Info;Create Graph :: Split Time :: Average;Matching: Recognition Rule :: Split Time :: Time;Matching: Recognition Rule :: Split Time :: Minimum;Matching: Recognition Rule :: Split Time :: Minimum Info;Matching: Recognition Rule :: Split Time :: Maximum;Matching: Recognition Rule :: Split Time :: Maximum Info;Matching: Recognition Rule :: Split Time :: Average;Graph: Nodes :: Minimum;Graph: Nodes :: Minimum Info;Graph: Nodes :: Maximum;Graph: Nodes :: Maximum Info;Graph: Nodes :: Average;Graph: Edges :: Minimum;Graph: Edges :: Minimum Info;Graph: Edges :: Maximum;Graph: Edges :: Maximum Info;Graph: Edges :: Average;Full Graph: Nodes :: Size;Full Graph: Edges :: Size;Difference: Add Object :: Size;Difference: Remove Object :: Size;Difference: Add Reference :: Size;Difference: Remove Reference :: Size;Difference: Attribute Value Changes :: Size;Difference: Correspondences :: Size;Difference: Low Level Changes :: Size;Difference: Semantic Change Sets In SCS :: Size;Difference: Low Level Changes Not In SCS :: Size;Difference: Semantic Change Sets :: Size;RR: Applied :: Size;RR: Filtered :: Size;RR: Add Object :: Count;RR: Remove Object :: Count;RR: Add Reference :: Count;RR: Remove Reference :: Count;RR: Attribute Value Changes :: Count;RR: Correspondences :: Count;
gmfgen_1.139.ecore;1323;5457;gmfgen_1.140.ecore;1334;5535;-1;0,140;0,015;0;rr:deleteEOperationInEClass;0,015;rr:setEReferenceUnique;0,000;0;0;rr:deleteEOperationInEClass;0;rr:deleteEOperationInEClass;0;4032;rr:setEReferenceUnique;4032;rr:setEReferenceUnique;4032;17009;rr:setEReferenceUnique;17009;rr:setEReferenceUnique;17009;4032;17009;8;0;17;0;0;899;25;0;25;0;156;0;27;25;137;136;73;137;
gmfgen_1.139.ecore;1323;5457;gmfgen_1.140.ecore;1334;5535;-1;0,156;0,016;0;rr:deleteEOperationInEClass;0,016;rr:setEReferenceUnique;0,000;0,015;0;rr:deleteEOperationInEClass;0,015;rr:create_referenced_EClass;0,000;4032;rr:setEReferenceUnique;4032;rr:setEReferenceUnique;4032;17009;rr:setEReferenceUnique;17009;rr:setEReferenceUnique;17009;4032;17009;8;0;17;0;0;899;25;0;25;0;156;0;27;25;137;136;73;137;
gmfgen_1.140.ecore;1334;5535;gmfgen_1.141.ecore;1338;5611;-1;0,188;0,016;0;rr:deleteEOperationInEClass;0,016;rr:setEReferenceUnique;0,000;0,047;0;rr:deleteEOperationInEClass;0,031;rr:extractSubEClass;0,000;4038;rr:setEReferenceUnique;4038;rr:setEReferenceUnique;4038;17131;rr:setEReferenceUnique;17131;rr:setEReferenceUnique;17131;4038;17131;2;0;6;0;0;907;8;0;8;0;156;0;27;25;137;136;73;137;
gmfgen_1.141.ecore;1338;5611;gmfgen_1.142.ecore;1357;5680;-1;0,657;0,016;0;rr:deleteEOperationInEClass;0,016;rr:setEReferenceUnique;0,000;0,515;0;rr:deleteEOperationInEClass;0,188;rr:pull_up_EOperation;0,003;4129;rr:setEReferenceUnique;4129;rr:setEReferenceUnique;4129;17522;rr:setEReferenceUnique;17522;rr:setEReferenceUnique;17522;4129;17522;14;0;38;11;11;909;74;0;74;0;156;0;27;25;137;136;73;137;
gmfgen_1.142.ecore;1357;5680;gmfgen_1.143.ecore;1406;5889;-1;3,166;0,016;0;rr:deleteEOperationInEClass;0,016;rr:setEReferenceUnique;0,000;3,041;0;rr:deleteEOperationInEClass;2,776;rr:create_referenced_EClass;0,019;4244;rr:setEReferenceUnique;4244;rr:setEReferenceUnique;4244;17946;rr:setEReferenceUnique;17946;rr:setEReferenceUnique;17946;4244;17946;28;0;79;0;0;923;107;0;107;0;156;0;27;25;137;136;73;137;
gmfgen_1.143.ecore;1406;5889;gmfgen_1.144.ecore;1406;5889;-1;0,140;0,015;0;rr:deleteEOperationInEClass;0,015;rr:setEReferenceUnique;0,000;0;0;rr:deleteEOperationInEClass;0;rr:deleteEOperationInEClass;0;4215;rr:setEReferenceUnique;4215;rr:setEReferenceUnique;4215;17871;rr:setEReferenceUnique;17871;rr:setEReferenceUnique;17871;4215;17871;0;0;0;0;1;951;1;0;1;0;156;0;27;25;137;136;73;137;
gmfgen_1.144.ecore;1406;5889;gmfgen_1.145.ecore;1408;5899;-1;0,156;0,015;0;rr:deleteEOperationInEClass;0,015;rr:setEReferenceUnique;0,000;0;0;rr:deleteEOperationInEClass;0;rr:deleteEOperationInEClass;0;4220;rr:setEReferenceUnique;4220;rr:setEReferenceUnique;4220;17891;rr:setEReferenceUnique;17891;rr:setEReferenceUnique;17891;4220;17891;1;0;3;0;0;951;4;0;4;0;156;0;27;25;137;136;73;137;
gmfgen_1.145.ecore;1408;5899;gmfgen_1.146.ecore;1412;5912;-1;0,170;0,015;0;rr:deleteEOperationInEClass;0,015;rr:setEReferenceUnique;0,000;0;0;rr:deleteEOperationInEClass;0;rr:deleteEOperationInEClass;0;4232;rr:setEReferenceUnique;4232;rr:setEReferenceUnique;4232;17935;rr:setEReferenceUnique;17935;rr:setEReferenceUnique;17935;4232;17935;2;0;6;0;1;952;9;0;9;0;156;0;27;25;137;136;73;137;
gmfgen_1.146.ecore;1412;5912;gmfgen_1.147.ecore;1457;6118;-1;3,495;0;0;rr:deleteEOperationInEClass;0;rr:deleteEOperationInEClass;0;3,355;0;rr:deleteEOperationInEClass;2,715;rr:create_referenced_EClass;0,022;4376;rr:setEReferenceUnique;4376;rr:setEReferenceUnique;4376;18482;rr:setEReferenceUnique;18482;rr:setEReferenceUnique;18482;4376;18482;27;0;75;0;0;954;102;0;102;0;156;0;27;25;137;136;73;137;
gmfgen_1.147.ecore;1457;6118;gmfgen_1.148.ecore;1455;6108;-1;0,170;0;0;rr:deleteEOperationInEClass;0;rr:deleteEOperationInEClass;0;0;0;rr:deleteEOperationInEClass;0;rr:deleteEOperationInEClass;0;4347;rr:setEReferenceUnique;4347;rr:setEReferenceUnique;4347;18416;rr:setEReferenceUnique;18416;rr:setEReferenceUnique;18416;4347;18416;0;1;0;3;0;980;4;0;4;0;156;0;27;25;137;136;73;137;
gmfgen_1.148.ecore;1455;6108;gmfgen_1.149.ecore;1463;6145;-1;0,140;0,016;0;rr:deleteEOperationInEClass;0,016;rr:setEReferenceUnique;0,000;0,015;0;rr:deleteEOperationInEClass;0,015;rr:createEAttributeInEClass;0,000;4365;rr:setEReferenceUnique;4365;rr:setEReferenceUnique;4365;18485;rr:setEReferenceUnique;18485;rr:setEReferenceUnique;18485;4365;18485;4;0;12;0;0;980;16;0;16;0;156;0;27;25;137;136;73;137;
gmfgen_1.149.ecore;1463;6145;gmfgen_1.150.ecore;1479;6210;-1;0,171;0,016;0;rr:deleteEOperationInEClass;0,016;rr:setEReferenceUnique;0,000;0,031;0;rr:deleteEOperationInEClass;0,016;rr:create_super_EClass;0,000;4413;rr:setEReferenceUnique;4413;rr:setEReferenceUnique;4413;18669;rr:setEReferenceUnique;18669;rr:setEReferenceUnique;18669;4413;18669;9;0;25;0;2;984;36;0;36;0;156;0;27;25;137;136;73;137;
gmfgen_1.150.ecore;1479;6210;gmfgen_1.151.ecore;1486;6238;-1;0,203;0,016;0;rr:deleteEOperationInEClass;0,016;rr:setEReferenceUnique;0,000;0,062;0;rr:deleteEOperationInEClass;0,047;rr:extractEClass;0,000;4427;rr:setEReferenceUnique;4427;rr:setEReferenceUnique;4427;18725;rr:setEReferenceUnique;18725;rr:setEReferenceUnique;18725;4427;18725;5;0;13;0;0;993;18;0;18;0;156;0;27;25;137;136;73;137;
gmfgen_1.151.ecore;1486;6238;gmfgen_1.152.ecore;1500;6310;-1;0,377;0;0;rr:deleteEOperationInEClass;0;rr:deleteEOperationInEClass;0;0,252;0;rr:deleteEOperationInEClass;0,110;rr:extractSuperEClass;0,002;4468;rr:setEReferenceUnique;4468;rr:setEReferenceUnique;4468;18896;rr:setEReferenceUnique;18896;rr:setEReferenceUnique;18896;4468;18896;7;0;24;1;1;998;33;0;33;0;156;0;27;25;137;136;73;137;
gmfgen_1.152.ecore;1500;6310;gmfgen_1.153.ecore;1522;6405;-1;0,186;0,015;0;rr:deleteEOperationInEClass;0,015;rr:setEReferenceUnique;0,000;0,062;0;rr:deleteEOperationInEClass;0,047;rr:create_referenced_EClass;0,000;4522;rr:setEReferenceUnique;4522;rr:setEReferenceUnique;4522;19120;rr:setEReferenceUnique;19120;rr:setEReferenceUnique;19120;4522;19120;11;0;33;0;0;1005;44;0;44;0;156;0;27;25;137;136;73;137;
gmfgen_1.153.ecore;1522;6405;gmfgen_1.154.ecore;1524;6415;-1;0,140;0,015;0;rr:deleteEOperationInEClass;0,015;rr:setEReferenceUnique;0,000;0;0;rr:deleteEOperationInEClass;0;rr:deleteEOperationInEClass;0;4517;rr:setEReferenceUnique;4517;rr:setEReferenceUnique;4517;19118;rr:setEReferenceUnique;19118;rr:setEReferenceUnique;19118;4517;19118;1;0;3;0;0;1016;4;0;4;0;156;0;27;25;137;136;73;137;
gmfgen_1.154.ecore;1524;6415;gmfgen_1.155.ecore;1526;6425;-1;0,155;0,015;0;rr:deleteEOperationInEClass;0,015;rr:setEReferenceUnique;0,000;0;0;rr:deleteEOperationInEClass;0;rr:deleteEOperationInEClass;0;4522;rr:setEReferenceUnique;4522;rr:setEReferenceUnique;4522;19141;rr:setEReferenceUnique;19141;rr:setEReferenceUnique;19141;4522;19141;1;0;3;0;0;1017;4;0;4;0;156;0;27;25;137;136;73;137;
gmfgen_1.155.ecore;1526;6425;gmfgen_1.156.ecore;1530;6445;-1;0,124;0,015;0;rr:deleteEOperationInEClass;0,015;rr:setEReferenceUnique;0,000;0;0;rr:deleteEOperationInEClass;0;rr:deleteEOperationInEClass;0;4533;rr:setEReferenceUnique;4533;rr:setEReferenceUnique;4533;19188;rr:setEReferenceUnique;19188;rr:setEReferenceUnique;19188;4533;19188;2;0;6;0;0;1018;8;0;8;0;156;0;27;25;137;136;73;137;
gmfgen_1.156.ecore;1530;6445;gmfgen_1.157.ecore;1536;6472;-1;0,109;0;0;rr:deleteEOperationInEClass;0;rr:deleteEOperationInEClass;0;0;0;rr:deleteEOperationInEClass;0;rr:deleteEOperationInEClass;0;4549;rr:setEReferenceUnique;4549;rr:setEReferenceUnique;4549;19255;rr:setEReferenceUnique;19255;rr:setEReferenceUnique;19255;4549;19255;3;0;9;0;0;1020;12;0;12;0;156;0;27;25;137;136;73;137;
gmfgen_1.157.ecore;1536;6472;gmfgen_1.158.ecore;1534;6473;-1;0,687;0,016;0;rr:deleteEOperationInEClass;0,016;rr:setEReferenceUnique;0,000;0,546;0;rr:deleteEOperationInEClass;0,499;rr:pull_up_EOperation;0,004;4562;rr:setEReferenceUnique;4562;rr:setEReferenceUnique;4562;19318;rr:setEReferenceUnique;19318;rr:setEReferenceUnique;19318;4562;19318;1;2;7;10;0;1021;20;0;20;0;156;0;27;25;137;136;73;137;
gmfgen_1.158.ecore;1534;6473;gmfgen_1.159.ecore;1536;6483;-1;0,125;0,016;0;rr:deleteEOperationInEClass;0,016;rr:setEReferenceUnique;0,000;0;0;rr:deleteEOperationInEClass;0;rr:deleteEOperationInEClass;0;4547;rr:setEReferenceUnique;4547;rr:setEReferenceUnique;4547;19272;rr:setEReferenceUnique;19272;rr:setEReferenceUnique;19272;4547;19272;1;0;3;0;0;1022;4;0;4;0;156;0;27;25;137;136;73;137;
gmfgen_1.159.ecore;1536;6483;gmfgen_1.160.ecore;1542;6510;-1;0,125;0,016;0;rr:deleteEOperationInEClass;0,016;rr:setEReferenceUnique;0,000;0;0;rr:deleteEOperationInEClass;0;rr:deleteEOperationInEClass;0;4564;rr:setEReferenceUnique;4564;rr:setEReferenceUnique;4564;19340;rr:setEReferenceUnique;19340;rr:setEReferenceUnique;19340;4564;19340;3;0;9;0;0;1023;12;0;12;0;156;0;27;25;137;136;73;137;
gmfgen_1.160.ecore;1542;6510;gmfgen_1.161.ecore;1540;6500;-1;0,204;0;0;rr:deleteEOperationInEClass;0;rr:deleteEOperationInEClass;0;0,094;0;rr:deleteEOperationInEClass;0,078;rr:pull_up_EAttribute;0,001;4567;rr:setEReferenceUnique;4567;rr:setEReferenceUnique;4567;19355;rr:setEReferenceUnique;19355;rr:setEReferenceUnique;19355;4567;19355;0;1;2;5;1;1025;9;0;9;0;156;0;27;25;137;136;73;137;
gmfgen_1.161.ecore;1540;6500;gmfgen_1.162.ecore;1546;6527;-1;0,141;0,016;0;rr:deleteEOperationInEClass;0,016;rr:setEReferenceUnique;0,000;0;0;rr:deleteEOperationInEClass;0;rr:deleteEOperationInEClass;0;4574;rr:setEReferenceUnique;4574;rr:setEReferenceUnique;4574;19380;rr:setEReferenceUnique;19380;rr:setEReferenceUnique;19380;4574;19380;3;0;9;0;0;1025;12;0;12;0;156;0;27;25;137;136;73;137;
gmfgen_1.162.ecore;1546;6527;gmfgen_1.163.ecore;1548;6537;-1;0,171;0,016;0;rr:deleteEOperationInEClass;0,016;rr:setEReferenceUnique;0,000;0,031;0;rr:deleteEOperationInEClass;0,016;rr:pull_up_EAttribute;0,000;4582;rr:setEReferenceUnique;4582;rr:setEReferenceUnique;4582;19418;rr:setEReferenceUnique;19418;rr:setEReferenceUnique;19418;4582;19418;1;0;5;2;1;1028;9;0;9;0;156;0;27;25;137;136;73;137;
gmfgen_1.163.ecore;1548;6537;gmfgen_1.164.ecore;1525;6452;-1;0,437;0;0;rr:deleteEOperationInEClass;0;rr:deleteEOperationInEClass;0;0,312;0;rr:deleteEOperationInEClass;0,234;rr:remove_empty_referenced_EClass;0,002;4599;rr:setEReferenceUnique;4599;rr:setEReferenceUnique;4599;19478;rr:setEReferenceUnique;19478;rr:setEReferenceUnique;19478;4599;19478;1;16;5;38;2;1013;62;0;62;0;156;0;27;25;137;136;73;137;
gmfgen_1.164.ecore;1525;6452;gmfgen_1.165.ecore;1525;6452;-1;0,141;0,016;0;rr:deleteEOperationInEClass;0,016;rr:setEReferenceUnique;0,000;0;0;rr:deleteEOperationInEClass;0;rr:deleteEOperationInEClass;0;4516;rr:setEReferenceUnique;4516;rr:setEReferenceUnique;4516;19186;rr:setEReferenceUnique;19186;rr:setEReferenceUnique;19186;4516;19186;0;0;0;0;1;1014;1;0;1;0;156;0;27;25;137;136;73;137;
gmfgen_1.165.ecore;1525;6452;gmfgen_1.166.ecore;1529;6472;-1;0,125;0;0;rr:deleteEOperationInEClass;0;rr:deleteEOperationInEClass;0;0;0;rr:deleteEOperationInEClass;0;rr:deleteEOperationInEClass;0;4527;rr:setEReferenceUnique;4527;rr:setEReferenceUnique;4527;19230;rr:setEReferenceUnique;19230;rr:setEReferenceUnique;19230;4527;19230;2;0;6;0;0;1014;8;0;8;0;156;0;27;25;137;136;73;137;
gmfgen_1.166.ecore;1529;6472;gmfgen_1.167.ecore;1525;6452;-1;0,124;0,016;0;rr:deleteEOperationInEClass;0,016;rr:setEReferenceUnique;0,000;0;0;rr:deleteEOperationInEClass;0;rr:deleteEOperationInEClass;0;4527;rr:setEReferenceUnique;4527;rr:setEReferenceUnique;4527;19230;rr:setEReferenceUnique;19230;rr:setEReferenceUnique;19230;4527;19230;0;2;0;6;0;1014;8;0;8;0;156;0;27;25;137;136;73;137;
gmfgen_1.167.ecore;1525;6452;gmfgen_1.168.ecore;1525;6452;-1;0,155;0,015;0;rr:deleteEOperationInEClass;0,015;rr:setEReferenceUnique;0,000;0,015;0;rr:deleteEOperationInEClass;0,015;rr:setEEnumLiteralLiteral;0,000;4516;rr:setEReferenceUnique;4516;rr:setEReferenceUnique;4516;19186;rr:setEReferenceUnique;19186;rr:setEReferenceUnique;19186;4516;19186;0;0;0;0;1;1014;1;0;1;0;156;0;27;25;137;136;73;137;
gmfgen_1.168.ecore;1525;6452;gmfgen_1.169.ecore;1524;6450;-1;0,155;0,016;0;rr:deleteEOperationInEClass;0,016;rr:setEClassAbstract;0,000;0;0;rr:deleteEOperationInEClass;0;rr:deleteEOperationInEClass;0;4516;rr:setEReferenceUnique;4516;rr:setEReferenceUnique;4516;19187;rr:setEReferenceUnique;19187;rr:setEReferenceUnique;19187;4516;19187;0;1;0;2;0;1013;3;0;3;0;156;0;27;25;137;136;73;137;
gmfgen_1.169.ecore;1524;6450;gmfgen_1.170.ecore;1528;6470;-1;0,139;0,015;0;rr:deleteEOperationInEClass;0,015;rr:setEReferenceUnique;0,000;0;0;rr:deleteEOperationInEClass;0;rr:deleteEOperationInEClass;0;4524;rr:setEReferenceUnique;4524;rr:setEReferenceUnique;4524;19223;rr:setEReferenceUnique;19223;rr:setEReferenceUnique;19223;4524;19223;2;0;6;0;0;1013;8;0;8;0;156;0;27;25;137;136;73;137;
gmfgen_1.170.ecore;1528;6470;gmfgen_1.171.ecore;1516;6406;-1;0,140;0;0;rr:deleteEOperationInEClass;0;rr:deleteEOperationInEClass;0;0;0;rr:deleteEOperationInEClass;0;rr:deleteEOperationInEClass;0;4528;rr:setEReferenceUnique;4528;rr:setEReferenceUnique;4528;19223;rr:setEReferenceUnique;19223;rr:setEReferenceUnique;19223;4528;19223;0;6;0;18;0;1009;24;0;24;0;156;0;27;25;137;136;73;137;
gmfgen_1.171.ecore;1516;6406;gmfgen_1.172.ecore;1512;6386;-1;0,140;0;0;rr:deleteEOperationInEClass;0;rr:deleteEOperationInEClass;0;0;0;rr:deleteEOperationInEClass;0;rr:deleteEOperationInEClass;0;4494;rr:setEReferenceUnique;4494;rr:setEReferenceUnique;4494;19077;rr:setEReferenceUnique;19077;rr:setEReferenceUnique;19077;4494;19077;0;2;0;6;0;1007;8;0;8;0;156;0;27;25;137;136;73;137;
gmfgen_1.172.ecore;1512;6386;gmfgen_1.173.ecore;1516;6406;-1;0,141;0;0;rr:deleteEOperationInEClass;0;rr:deleteEOperationInEClass;0;0;0;rr:deleteEOperationInEClass;0;rr:deleteEOperationInEClass;0;4494;rr:setEReferenceUnique;4494;rr:setEReferenceUnique;4494;19077;rr:setEReferenceUnique;19077;rr:setEReferenceUnique;19077;4494;19077;2;0;6;0;0;1007;8;0;8;0;156;0;27;25;137;136;73;137;
gmfgen_1.173.ecore;1516;6406;gmfgen_1.174.ecore;1526;6482;-1;0,482;0;0;rr:deleteEOperationInEClass;0;rr:deleteEOperationInEClass;0;0,357;0;rr:deleteEOperationInEClass;0,125;rr:pull_up_EAttribute;0,002;4542;rr:setEReferenceUnique;4542;rr:setEReferenceUnique;4542;19297;rr:setEReferenceUnique;19297;rr:setEReferenceUnique;19297;4542;19297;7;0;25;8;0;1009;40;0;40;0;156;0;27;25;137;136;73;137;
gmfgen_1.174.ecore;1526;6482;gmfgen_1.175.ecore;1528;6494;-1;0,172;0,016;0;rr:deleteEOperationInEClass;0,016;rr:setEReferenceUnique;0,000;0;0;rr:deleteEOperationInEClass;0;rr:deleteEOperationInEClass;0;4525;rr:setEReferenceUnique;4525;rr:setEReferenceUnique;4525;19274;rr:setEReferenceUnique;19274;rr:setEReferenceUnique;19274;4525;19274;1;0;3;0;0;1016;4;0;4;0;156;0;27;25;137;136;73;137;
gmfgen_1.175.ecore;1528;6494;gmfgen_1.176.ecore;1532;6511;-1;0,125;0,016;0;rr:deleteEOperationInEClass;0,016;rr:setEReferenceUnique;0,000;0;0;rr:deleteEOperationInEClass;0;rr:deleteEOperationInEClass;0;4536;rr:setEReferenceUnique;4536;rr:setEReferenceUnique;4536;19320;rr:setEReferenceUnique;19320;rr:setEReferenceUnique;19320;4536;19320;2;0;6;0;0;1017;8;0;8;0;156;0;27;25;137;136;73;137;
gmfgen_1.176.ecore;1532;6511;gmfgen_1.177.ecore;1538;6552;-1;0,139;0,015;0;rr:deleteEOperationInEClass;0,015;rr:setEReferenceUnique;0,000;0;0;rr:deleteEOperationInEClass;0;rr:deleteEOperationInEClass;0;4556;rr:setEReferenceUnique;4556;rr:setEReferenceUnique;4556;19414;rr:setEReferenceUnique;19414;rr:setEReferenceUnique;19414;4556;19414;3;0;13;0;0;1019;16;0;16;0;156;0;27;25;137;136;73;137;
gmfgen_1.177.ecore;1538;6552;gmfgen_1.178.ecore;1541;6556;-1;0,140;0,016;0;rr:deleteEOperationInEClass;0,016;rr:setEReferenceUnique;0,000;0;0;rr:deleteEOperationInEClass;0;rr:deleteEOperationInEClass;0;4560;rr:setEReferenceUnique;4560;rr:setEReferenceUnique;4560;19436;rr:setEReferenceUnique;19436;rr:setEReferenceUnique;19436;4560;19436;3;0;4;0;1;1022;8;0;8;0;156;0;27;25;137;136;73;137;
gmfgen_1.178.ecore;1541;6556;gmfgen_1.179.ecore;1543;6563;-1;0,139;0,015;0;rr:deleteEOperationInEClass;0,015;rr:setEReferenceUnique;0,000;0,015;0;rr:deleteEOperationInEClass;0,015;rr:createBidirectionalReference;0,000;4564;rr:setEReferenceUnique;4564;rr:setEReferenceUnique;4564;19444;rr:setEReferenceUnique;19444;rr:setEReferenceUnique;19444;4564;19444;1;0;3;0;0;1025;4;0;4;0;156;0;27;25;137;136;73;137;
gmfgen_1.179.ecore;1543;6563;gmfgen_1.180.ecore;1546;6567;-1;0,125;0;0;rr:deleteEOperationInEClass;0;rr:deleteEOperationInEClass;0;0;0;rr:deleteEOperationInEClass;0;rr:deleteEOperationInEClass;0;4573;rr:setEReferenceUnique;4573;rr:setEReferenceUnique;4573;19466;rr:setEReferenceUnique;19466;rr:setEReferenceUnique;19466;4573;19466;3;0;4;0;0;1026;7;0;7;0;156;0;27;25;137;136;73;137;
gmfgen_1.180.ecore;1546;6567;gmfgen_1.181.ecore;1548;6570;-1;0,124;0,015;0;rr:deleteEOperationInEClass;0,015;rr:setEReferenceUnique;0,000;0;0;rr:deleteEOperationInEClass;0;rr:deleteEOperationInEClass;0;4579;rr:setEReferenceUnique;4579;rr:setEReferenceUnique;4579;19476;rr:setEReferenceUnique;19476;rr:setEReferenceUnique;19476;4579;19476;2;0;3;0;0;1029;5;0;5;0;156;0;27;25;137;136;73;137;
gmfgen_1.181.ecore;1548;6570;gmfgen_1.182.ecore;1552;6599;-1;0,173;0,016;0;rr:deleteEOperationInEClass;0,016;rr:setEReferenceUnique;0,000;0;0;rr:deleteEOperationInEClass;0;rr:deleteEOperationInEClass;0;4590;rr:setEReferenceUnique;4590;rr:setEReferenceUnique;4590;19526;rr:setEReferenceUnique;19526;rr:setEReferenceUnique;19526;4590;19526;2;0;6;0;0;1031;8;0;8;0;156;0;27;25;137;136;73;137;
gmfgen_1.182.ecore;1552;6599;gmfgen_1.183.ecore;1554;6610;-1;0,157;0,016;0;rr:deleteEOperationInEClass;0,016;rr:setEReferenceUnique;0,000;0;0;rr:deleteEOperationInEClass;0;rr:deleteEOperationInEClass;0;4594;rr:setEReferenceUnique;4594;rr:setEReferenceUnique;4594;19558;rr:setEReferenceUnique;19558;rr:setEReferenceUnique;19558;4594;19558;1;0;3;0;0;1033;4;0;4;0;156;0;27;25;137;136;73;137;
gmfgen_1.183.ecore;1554;6610;gmfgen_1.184.ecore;1554;6617;-1;0,142;0,016;0;rr:deleteEOperationInEClass;0,016;rr:setEReferenceUnique;0,000;0;0;rr:deleteEOperationInEClass;0;rr:deleteEOperationInEClass;0;4600;rr:setEReferenceUnique;4600;rr:setEReferenceUnique;4600;19590;rr:setEReferenceUnique;19590;rr:setEReferenceUnique;19590;4600;19590;1;1;3;3;0;1033;8;0;8;0;156;0;27;25;137;136;73;137;
gmfgen_1.184.ecore;1554;6617;gmfgen_1.185.ecore;1554;6623;-1;0,173;0;0;rr:deleteEOperationInEClass;0;rr:deleteEOperationInEClass;0;0,016;0;rr:deleteEOperationInEClass;0,016;rr:createEParameterInEOperation;0,000;4623;rr:setEReferenceUnique;4623;rr:setEReferenceUnique;4623;19680;rr:setEReferenceUnique;19680;rr:setEReferenceUnique;19680;4623;19680;6;6;12;12;0;1028;36;0;36;0;156;0;27;25;137;136;73;137;
gmfgen_1.185.ecore;1554;6623;gmfgen_1.186.ecore;1554;6624;-1;0,186;0,015;0;rr:deleteEOperationInEClass;0,015;rr:setEReferenceUnique;0,000;0,047;0;rr:deleteEOperationInEClass;0,016;rr:pull_up_EAttribute;0,000;4608;rr:setEReferenceUnique;4608;rr:setEReferenceUnique;4608;19637;rr:setEReferenceUnique;19637;rr:setEReferenceUnique;19637;4608;19637;3;2;6;6;0;1032;17;0;17;0;156;0;27;25;137;136;73;137;
gmfgen_1.186.ecore;1554;6624;gmfgen_1.187.ecore;1560;6640;-1;0,124;0;0;rr:deleteEOperationInEClass;0;rr:deleteEOperationInEClass;0;0,015;0;rr:deleteEOperationInEClass;0,015;rr:create_referenced_EClass;0,000;4633;rr:setEReferenceUnique;4633;rr:setEReferenceUnique;4633;19727;rr:setEReferenceUnique;19727;rr:setEReferenceUnique;19727;4633;19727;5;0;9;0;19;1035;33;0;33;0;156;0;27;25;137;136;73;137;
gmfgen_1.187.ecore;1560;6640;gmfgen_1.188.ecore;1608;6835;-1;5,053;0,015;0;rr:deleteEOperationInEClass;0,015;rr:setEReferenceUnique;0,000;4,913;0;rr:deleteEOperationInEClass;3,946;rr:create_referenced_EClass;0,031;4762;rr:setEReferenceUnique;4762;rr:setEReferenceUnique;4762;20181;rr:setEReferenceUnique;20181;rr:setEReferenceUnique;20181;4762;20181;31;0;72;0;0;1040;103;0;103;0;156;0;27;25;137;136;73;137;
gmfgen_1.188.ecore;1608;6835;gmfgen_1.189.ecore;1739;7288;-1;390,705;0,016;0;rr:deleteEOperationInEClass;0,016;rr:setEReferenceUnique;0,000;390,564;0;rr:deleteEOperationInEClass;383,152;rr:create_referenced_EClass;2,504;5200;rr:setEReferenceUnique;5200;rr:setEReferenceUnique;5200;21695;rr:setEReferenceUnique;21695;rr:setEReferenceUnique;21695;5200;21695;99;0;230;0;0;1072;329;0;329;0;156;0;27;25;137;136;73;137;
gmfgen_1.189.ecore;1739;7288;gmfgen_1.190.ecore;1741;7300;-1;0,126;0,016;0;rr:deleteEOperationInEClass;0,016;rr:setEReferenceUnique;0,000;0;0;rr:deleteEOperationInEClass;0;rr:deleteEOperationInEClass;0;5107;rr:setEReferenceUnique;5107;rr:setEReferenceUnique;5107;21353;rr:setEReferenceUnique;21353;rr:setEReferenceUnique;21353;5107;21353;1;0;3;0;0;1171;4;0;4;0;156;0;27;25;137;136;73;137;
gmfgen_1.190.ecore;1741;7300;gmfgen_1.191.ecore;1737;7280;-1;0,125;0,016;0;rr:deleteEOperationInEClass;0,016;rr:setEReferenceUnique;0,000;0;0;rr:deleteEOperationInEClass;0;rr:deleteEOperationInEClass;0;5108;rr:setEReferenceUnique;5108;rr:setEReferenceUnique;5108;21356;rr:setEReferenceUnique;21356;rr:setEReferenceUnique;21356;5108;21356;0;2;0;6;0;1170;8;0;8;0;156;0;27;25;137;136;73;137;
gmfgen_1.191.ecore;1737;7280;gmfgen_1.192.ecore;1755;7352;-1;0,343;0,016;0;rr:deleteEOperationInEClass;0,016;rr:setEReferenceUnique;0,000;0,187;0;rr:deleteEOperationInEClass;0,094;rr:create_referenced_EClass;0,001;5158;rr:setEReferenceUnique;5158;rr:setEReferenceUnique;5158;21532;rr:setEReferenceUnique;21532;rr:setEReferenceUnique;21532;5158;21532;12;0;32;0;0;1170;44;0;44;0;156;0;27;25;137;136;73;137;
gmfgen_1.192.ecore;1755;7352;gmfgen_1.193.ecore;1755;7352;-1;0,141;0,016;0;rr:deleteEOperationInEClass;0,016;rr:setEReferenceUnique;0,000;0;0;rr:deleteEOperationInEClass;0;rr:deleteEOperationInEClass;0;5156;rr:setEReferenceUnique;5156;rr:setEReferenceUnique;5156;21536;rr:setEReferenceUnique;21536;rr:setEReferenceUnique;21536;5156;21536;0;0;0;0;12;1182;12;0;12;0;156;0;27;25;137;136;73;137;
gmfgen_1.193.ecore;1755;7352;gmfgen_1.194.ecore;1779;7460;-1;0,700;0,015;0;rr:deleteEOperationInEClass;0,015;rr:setEReferenceUnique;0,000;0,561;0;rr:deleteEOperationInEClass;0,281;rr:create_referenced_EClass;0,004;5224;rr:setEReferenceUnique;5224;rr:setEReferenceUnique;5224;21788;rr:setEReferenceUnique;21788;rr:setEReferenceUnique;21788;5224;21788;16;0;40;0;0;1182;56;0;56;0;156;0;27;25;137;136;73;137;
gmfgen_1.194.ecore;1779;7460;gmfgen_1.195.ecore;1781;7470;-1;0,139;0,015;0;rr:deleteEOperationInEClass;0,015;rr:setEReferenceUnique;0,000;0;0;rr:deleteEOperationInEClass;0;rr:deleteEOperationInEClass;0;5214;rr:setEReferenceUnique;5214;rr:setEReferenceUnique;5214;21776;rr:setEReferenceUnique;21776;rr:setEReferenceUnique;21776;5214;21776;1;0;3;0;0;1198;4;0;4;0;156;0;27;25;137;136;73;137;
gmfgen_1.195.ecore;1781;7470;gmfgen_1.196.ecore;1783;7482;-1;0,142;0,016;0;rr:deleteEOperationInEClass;0,016;rr:setEReferenceUnique;0,000;0,016;0;rr:deleteEOperationInEClass;0,016;rr:createEParameterInEOperation;0,000;5219;rr:setEReferenceUnique;5219;rr:setEReferenceUnique;5219;21801;rr:setEReferenceUnique;21801;rr:setEReferenceUnique;21801;5219;21801;1;0;3;0;0;1199;4;0;4;0;156;0;27;25;137;136;73;137;
gmfgen_1.196.ecore;1783;7482;gmfgen_1.197.ecore;1777;7466;-1;0,156;0;0;rr:deleteEOperationInEClass;0;rr:deleteEOperationInEClass;0;0,015;0;rr:deleteEOperationInEClass;0,015;rr:push_down_EOperation;0,000;5221;rr:setEReferenceUnique;5221;rr:setEReferenceUnique;5221;21818;rr:setEReferenceUnique;21818;rr:setEReferenceUnique;21818;5221;21818;0;4;0;9;0;1196;13;0;13;0;156;0;27;25;137;136;73;137;
gmfgen_1.197.ecore;1777;7466;gmfgen_1.198.ecore;1779;7473;-1;0,155;0,016;0;rr:deleteEOperationInEClass;0,016;rr:setEReferenceUnique;0,000;0;0;rr:deleteEOperationInEClass;0;rr:deleteEOperationInEClass;0;5208;rr:setEReferenceUnique;5208;rr:setEReferenceUnique;5208;21779;rr:setEReferenceUnique;21779;rr:setEReferenceUnique;21779;5208;21779;1;0;3;0;0;1196;4;0;4;0;156;0;27;25;137;136;73;137;
gmfgen_1.198.ecore;1779;7473;gmfgen_1.199.ecore;1781;7489;-1;0,124;0,015;0;rr:deleteEOperationInEClass;0,015;rr:setEReferenceUnique;0,000;0;0;rr:deleteEOperationInEClass;0;rr:deleteEOperationInEClass;0;5215;rr:setEReferenceUnique;5215;rr:setEReferenceUnique;5215;21813;rr:setEReferenceUnique;21813;rr:setEReferenceUnique;21813;5215;21813;1;0;5;0;0;1197;6;0;6;0;156;0;27;25;137;136;73;137;
gmfgen_1.199.ecore;1781;7489;gmfgen_1.200.ecore;1783;7498;-1;0,141;0;0;rr:deleteEOperationInEClass;0;rr:deleteEOperationInEClass;0;0;0;rr:deleteEOperationInEClass;0;rr:deleteEOperationInEClass;0;5218;rr:setEReferenceUnique;5218;rr:setEReferenceUnique;5218;21833;rr:setEReferenceUnique;21833;rr:setEReferenceUnique;21833;5218;21833;1;0;3;0;0;1198;4;0;4;0;156;0;27;25;137;136;73;137;
gmfgen_1.200.ecore;1783;7498;gmfgen_1.201.ecore;1785;7509;-1;0,125;0,016;0;rr:deleteEOperationInEClass;0,016;rr:setEReferenceUnique;0,000;0;0;rr:deleteEOperationInEClass;0;rr:deleteEOperationInEClass;0;5223;rr:setEReferenceUnique;5223;rr:setEReferenceUnique;5223;21856;rr:setEReferenceUnique;21856;rr:setEReferenceUnique;21856;5223;21856;1;0;3;0;0;1199;4;0;4;0;156;0;27;25;137;136;73;137;
gmfgen_1.201.ecore;1785;7509;gmfgen_1.202.ecore;1783;7498;-1;0,157;0,016;0;rr:deleteEOperationInEClass;0,016;rr:setEReferenceUnique;0,000;0;0;rr:deleteEOperationInEClass;0;rr:deleteEOperationInEClass;0;5223;rr:setEReferenceUnique;5223;rr:setEReferenceUnique;5223;21856;rr:setEReferenceUnique;21856;rr:setEReferenceUnique;21856;5223;21856;0;1;0;3;0;1199;4;0;4;0;156;0;27;25;137;136;73;137;
gmfgen_1.202.ecore;1783;7498;gmfgen_1.203.ecore;1787;7516;-1;0,155;0,015;0;rr:deleteEOperationInEClass;0,015;rr:setEReferenceUnique;0,000;0;0;rr:deleteEOperationInEClass;0;rr:deleteEOperationInEClass;0;5233;rr:setEReferenceUnique;5233;rr:setEReferenceUnique;5233;21893;rr:setEReferenceUnique;21893;rr:setEReferenceUnique;21893;5233;21893;2;0;6;0;4;1199;12;0;12;0;156;0;27;25;137;136;73;137;
gmfgen_1.203.ecore;1787;7516;gmfgen_1.204.ecore;1791;7566;-1;0,187;0;0;rr:deleteEOperationInEClass;0;rr:deleteEOperationInEClass;0;0;0;rr:deleteEOperationInEClass;0;rr:deleteEOperationInEClass;0;5241;rr:setEReferenceUnique;5241;rr:setEReferenceUnique;5241;21959;rr:setEReferenceUnique;21959;rr:setEReferenceUnique;21959;5241;21959;2;0;8;0;0;1201;10;0;10;0;156;0;27;25;137;136;73;137;
gmfgen_1.204.ecore;1791;7566;gmfgen_1.205.ecore;1803;7608;-1;0,173;0,016;0;rr:deleteEOperationInEClass;0,016;rr:setEReferenceUnique;0,000;0,016;0;rr:deleteEOperationInEClass;0,016;rr:extractEClass;0,000;5277;rr:setEReferenceUnique;5277;rr:setEReferenceUnique;5277;22128;rr:setEReferenceUnique;22128;rr:setEReferenceUnique;22128;5277;22128;7;0;18;0;0;1204;25;0;25;0;156;0;27;25;137;136;73;137;
gmfgen_1.205.ecore;1803;7608;gmfgen_1.206.ecore;1805;7646;-1;0,125;0,016;0;rr:deleteEOperationInEClass;0,016;rr:setEReferenceUnique;0,000;0;0;rr:deleteEOperationInEClass;0;rr:deleteEOperationInEClass;0;5277;rr:setEReferenceUnique;5277;rr:setEReferenceUnique;5277;22157;rr:setEReferenceUnique;22157;rr:setEReferenceUnique;22157;5277;22157;1;0;3;0;0;1211;4;0;4;0;156;0;27;25;137;136;73;137;
gmfgen_1.206.ecore;1805;7646;gmfgen_1.207.ecore;1807;7649;-1;0,140;0,015;0;rr:deleteEOperationInEClass;0,015;rr:setEReferenceUnique;0,000;0;0;rr:deleteEOperationInEClass;0;rr:deleteEOperationInEClass;0;5283;rr:setEReferenceUnique;5283;rr:setEReferenceUnique;5283;22203;rr:setEReferenceUnique;22203;rr:setEReferenceUnique;22203;5283;22203;2;0;3;0;0;1212;5;0;5;0;156;0;27;25;137;136;73;137;
gmfgen_1.207.ecore;1807;7649;gmfgen_1.208.ecore;1815;7681;-1;0,140;0,016;0;rr:deleteEOperationInEClass;0,016;rr:setEReferenceUnique;0,000;0;0;rr:deleteEOperationInEClass;0;rr:deleteEOperationInEClass;0;5307;rr:setEReferenceUnique;5307;rr:setEReferenceUnique;5307;22286;rr:setEReferenceUnique;22286;rr:setEReferenceUnique;22286;5307;22286;5;0;12;0;0;1214;17;0;17;0;156;0;27;25;137;136;73;137;
gmfgen_1.208.ecore;1815;7681;gmfgen_1.209.ecore;1797;7659;-1;4,353;0,016;0;rr:deleteEOperationInEClass;0,016;rr:setEReferenceUnique;0,000;4,213;0;rr:deleteEOperationInEClass;1,763;rr:remove_empty_referenced_EClass;0,027;5406;rr:setEReferenceUnique;5406;rr:setEReferenceUnique;5406;22686;rr:setEReferenceUnique;22686;rr:setEReferenceUnique;22686;5406;22686;12;27;42;64;3;1192;148;0;148;0;156;0;27;25;137;136;73;137;
gmfgen_1.209.ecore;1797;7659;gmfgen_1.210.ecore;1791;7645;-1;0,172;0,016;0;rr:deleteEOperationInEClass;0,016;rr:setEReferenceUnique;0,000;0,031;0;rr:deleteEOperationInEClass;0,016;rr:remove_empty_referenced_EClass;0,000;5263;rr:setEReferenceUnique;5263;rr:setEReferenceUnique;5263;22237;rr:setEReferenceUnique;22237;rr:setEReferenceUnique;22237;5263;22237;0;5;4;11;4;1198;24;0;24;0;156;0;27;25;137;136;73;137;
gmfgen_1.210.ecore;1791;7645;gmfgen_1.211.ecore;1791;7645;-1;0,155;0,015;0;rr:deleteEOperationInEClass;0,015;rr:setEReferenceUnique;0,000;0,015;0;rr:deleteEOperationInEClass;0,015;rr:setEReferenceName;0,000;5255;rr:setEReferenceUnique;5255;rr:setEReferenceUnique;5255;22225;rr:setEReferenceUnique;22225;rr:setEReferenceUnique;22225;5255;22225;0;0;0;0;22;1198;22;0;22;0;156;0;27;25;137;136;73;137;
gmfgen_1.211.ecore;1791;7645;gmfgen_1.212.ecore;1795;7662;-1;0,141;0,016;0;rr:deleteEOperationInEClass;0,016;rr:setEReferenceUnique;0,000;0;0;rr:deleteEOperationInEClass;0;rr:deleteEOperationInEClass;0;5245;rr:setEReferenceUnique;5245;rr:setEReferenceUnique;5245;22182;rr:setEReferenceUnique;22182;rr:setEReferenceUnique;22182;5245;22182;2;0;6;0;0;1198;8;0;8;0;156;0;27;25;137;136;73;137;
gmfgen_1.212.ecore;1795;7662;gmfgen_1.213.ecore;1817;7778;-1;0,295;0,016;0;rr:deleteEOperationInEClass;0,016;rr:setEReferenceUnique;0,000;0,139;0;rr:deleteEOperationInEClass;0,062;rr:create_referenced_EClass;0,001;5309;rr:setEReferenceUnique;5309;rr:setEReferenceUnique;5309;22447;rr:setEReferenceUnique;22447;rr:setEReferenceUnique;22447;5309;22447;11;0;33;0;0;1200;44;0;44;0;156;0;27;25;137;136;73;137;
gmfgen_1.213.ecore;1817;7778;gmfgen_1.214.ecore;1821;7798;-1;0,174;0,016;0;rr:deleteEOperationInEClass;0,016;rr:setEReferenceUnique;0,000;0,016;0;rr:deleteEOperationInEClass;0,016;rr:rename_EENumLiteral;0,000;5312;rr:setEReferenceUnique;5312;rr:setEReferenceUnique;5312;22498;rr:setEReferenceUnique;22498;rr:setEReferenceUnique;22498;5312;22498;2;0;6;0;2;1211;10;0;10;0;156;0;27;25;137;136;73;137;
gmfgen_1.214.ecore;1821;7798;gmfgen_1.215.ecore;1825;7815;-1;0,141;0,016;0;rr:deleteEOperationInEClass;0,016;rr:setEReferenceUnique;0,000;0;0;rr:deleteEOperationInEClass;0;rr:deleteEOperationInEClass;0;5320;rr:setEReferenceUnique;5320;rr:setEReferenceUnique;5320;22533;rr:setEReferenceUnique;22533;rr:setEReferenceUnique;22533;5320;22533;2;0;6;0;0;1213;8;0;8;0;156;0;27;25;137;136;73;137;
gmfgen_1.215.ecore;1825;7815;gmfgen_1.216.ecore;1825;7815;-1;0,140;0;0;rr:deleteEOperationInEClass;0;rr:deleteEOperationInEClass;0;0;0;rr:deleteEOperationInEClass;0;rr:deleteEOperationInEClass;0;5326;rr:setEReferenceUnique;5326;rr:setEReferenceUnique;5326;22560;rr:setEReferenceUnique;22560;rr:setEReferenceUnique;22560;5326;22560;0;0;4;4;0;1215;8;0;8;0;156;0;27;25;137;136;73;137;
gmfgen_1.216.ecore;1825;7815;gmfgen_1.217.ecore;1825;7815;-1;0,142;0,016;0;rr:deleteEOperationInEClass;0,016;rr:setEReferenceUnique;0,000;0;0;rr:deleteEOperationInEClass;0;rr:deleteEOperationInEClass;0;5319;rr:setEReferenceUnique;5319;rr:setEReferenceUnique;5319;22532;rr:setEReferenceUnique;22532;rr:setEReferenceUnique;22532;5319;22532;0;0;0;0;1;1215;1;0;1;0;156;0;27;25;137;136;73;137;
gmfgen_1.217.ecore;1825;7815;gmfgen_1.218.ecore;1837;7851;-1;0,156;0,016;0;rr:deleteEOperationInEClass;0,016;rr:setEReferenceUnique;0,000;0,031;0;rr:deleteEOperationInEClass;0,031;rr:create_referenced_EClass;0,000;5362;rr:setEReferenceUnique;5362;rr:setEReferenceUnique;5362;22672;rr:setEReferenceUnique;22672;rr:setEReferenceUnique;22672;5362;22672;10;0;22;0;0;1215;32;0;32;0;156;0;27;25;137;136;73;137;
gmfgen_1.218.ecore;1837;7851;gmfgen_1.219.ecore;1834;7845;-1;0,267;0,016;0;rr:deleteEOperationInEClass;0,016;rr:setEReferenceUnique;0,000;0,094;0;rr:deleteEOperationInEClass;0,016;rr:moveEEnumRefEClassifiersToEPackage;0,001;5386;rr:setEReferenceUnique;5386;rr:setEReferenceUnique;5386;22754;rr:setEReferenceUnique;22754;rr:setEReferenceUnique;22754;5386;22754;5;8;12;18;2;1217;45;0;45;0;156;0;27;25;137;136;73;137;
gmfgen_1.219.ecore;1834;7845;gmfgen_1.220.ecore;1840;7873;-1;0,217;0,015;0;rr:deleteEOperationInEClass;0,015;rr:setEReferenceUnique;0,000;0,077;0;rr:deleteEOperationInEClass;0,062;rr:extractSuperEClass;0,000;5362;rr:setEReferenceUnique;5362;rr:setEReferenceUnique;5362;22683;rr:setEReferenceUnique;22683;rr:setEReferenceUnique;22683;5362;22683;3;0;9;0;1;1222;13;0;13;0;156;0;27;25;137;136;73;137;
gmfgen_1.220.ecore;1840;7873;gmfgen_1.221.ecore;1844;7893;-1;0,185;0,015;0;rr:deleteEOperationInEClass;0,015;rr:setEReferenceUnique;0,000;0,031;0;rr:deleteEOperationInEClass;0,016;rr:createOppositeReference;0,000;5370;rr:setEReferenceUnique;5370;rr:setEReferenceUnique;5370;22722;rr:setEReferenceUnique;22722;rr:setEReferenceUnique;22722;5370;22722;2;0;6;0;0;1225;8;0;8;0;156;0;27;25;137;136;73;137;
gmfgen_1.221.ecore;1844;7893;gmfgen_1.222.ecore;1838;7858;-1;0,235;0,016;0;rr:deleteEOperationInEClass;0,016;rr:setEReferenceUnique;0,000;0,110;0;rr:deleteEOperationInEClass;0,047;rr:pull_up_EAttribute;0,001;5394;rr:setEReferenceUnique;5394;rr:setEReferenceUnique;5394;22799;rr:setEReferenceUnique;22799;rr:setEReferenceUnique;22799;5394;22799;4;6;9;18;1;1221;38;0;38;0;156;0;27;25;137;136;73;137;
gmfgen_1.222.ecore;1838;7858;gmfgen_1.223.ecore;1844;7874;-1;0,187;0,016;0;rr:deleteEOperationInEClass;0,016;rr:setEReferenceUnique;0,000;0;0;rr:deleteEOperationInEClass;0;rr:deleteEOperationInEClass;0;5373;rr:setEReferenceUnique;5373;rr:setEReferenceUnique;5373;22704;rr:setEReferenceUnique;22704;rr:setEReferenceUnique;22704;5373;22704;4;0;9;0;0;1225;13;0;13;0;156;0;27;25;137;136;73;137;
gmfgen_1.223.ecore;1844;7874;gmfgen_1.224.ecore;1848;7894;-1;0,142;0,016;0;rr:deleteEOperationInEClass;0,016;rr:setEReferenceUnique;0,000;0;0;rr:deleteEOperationInEClass;0;rr:deleteEOperationInEClass;0;5382;rr:setEReferenceUnique;5382;rr:setEReferenceUnique;5382;22736;rr:setEReferenceUnique;22736;rr:setEReferenceUnique;22736;5382;22736;2;0;6;0;0;1229;8;0;8;0;156;0;27;25;137;136;73;137;
gmfgen_1.224.ecore;1848;7894;gmfgen_1.225.ecore;1852;7914;-1;0,157;0,016;0;rr:deleteEOperationInEClass;0,016;rr:setEReferenceUnique;0,000;0,016;0;rr:deleteEOperationInEClass;0,016;rr:setETypeParameterName;0,000;5392;rr:setEReferenceUnique;5392;rr:setEReferenceUnique;5392;22782;rr:setEReferenceUnique;22782;rr:setEReferenceUnique;22782;5392;22782;2;0;6;0;0;1231;8;0;8;0;156;0;27;25;137;136;73;137;
gmfgen_1.225.ecore;1852;7914;gmfgen_1.226.ecore;1855;7922;-1;0,189;0,016;0;rr:deleteEOperationInEClass;0,016;rr:setEReferenceUnique;0,000;0,064;0;rr:deleteEOperationInEClass;0,016;rr:setEReferenceVolatile;0,000;5407;rr:setEReferenceUnique;5407;rr:setEReferenceUnique;5407;22840;rr:setEReferenceUnique;22840;rr:setEReferenceUnique;22840;5407;22840;2;0;8;1;3;1233;14;0;14;0;156;0;27;25;137;136;73;137;
gmfgen_1.226.ecore;1855;7922;gmfgen_1.227.ecore;1859;7935;-1;0,155;0,015;0;rr:deleteEOperationInEClass;0,015;rr:setEReferenceUnique;0,000;0,016;0;rr:deleteEOperationInEClass;0,016;rr:createBidirectionalReference;0,000;5410;rr:setEReferenceUnique;5410;rr:setEReferenceUnique;5410;22843;rr:setEReferenceUnique;22843;rr:setEReferenceUnique;22843;5410;22843;2;0;6;0;0;1235;8;0;8;0;156;0;27;25;137;136;73;137;
gmfgen_1.227.ecore;1859;7935;gmfgen_1.228.ecore;1864;7977;-1;0,139;0,015;0;rr:deleteEOperationInEClass;0,015;rr:setEReferenceUnique;0,000;0;0;rr:deleteEOperationInEClass;0;rr:deleteEOperationInEClass;0;5424;rr:setEReferenceUnique;5424;rr:setEReferenceUnique;5424;22912;rr:setEReferenceUnique;22912;rr:setEReferenceUnique;22912;5424;22912;4;0;7;0;0;1237;11;0;11;0;156;0;27;25;137;136;73;137;
gmfgen_1.228.ecore;1864;7977;gmfgen_1.229.ecore;1864;7977;-1;0,170;0;0;rr:deleteEOperationInEClass;0;rr:deleteEOperationInEClass;0;0,015;0;rr:deleteEOperationInEClass;0,015;rr:setEEnumInstanceTypeName;0,000;5423;rr:setEReferenceUnique;5423;rr:setEReferenceUnique;5423;22934;rr:setEReferenceUnique;22934;rr:setEReferenceUnique;22934;5423;22934;0;0;0;0;1;1241;1;0;1;0;156;0;27;25;137;136;73;137;
gmfgen_1.229.ecore;1864;7977;gmfgen_1.230.ecore;1862;7968;-1;0,172;0,016;0;rr:deleteEOperationInEClass;0,016;rr:setEReferenceUnique;0,000;0,032;0;rr:deleteEOperationInEClass;0,016;rr:setEDataTypeSerializable;0,000;5430;rr:setEReferenceUnique;5430;rr:setEReferenceUnique;5430;22960;rr:setEReferenceUnique;22960;rr:setEReferenceUnique;22960;5430;22960;0;1;2;5;3;1240;11;0;11;0;156;0;27;25;137;136;73;137;
gmfgen_1.230.ecore;1862;7968;gmfgen_1.231.ecore;1870;8005;-1;0,141;0,016;0;rr:deleteEOperationInEClass;0,016;rr:setEReferenceUnique;0,000;0;0;rr:deleteEOperationInEClass;0;rr:deleteEOperationInEClass;0;5441;rr:setEReferenceUnique;5441;rr:setEReferenceUnique;5441;23002;rr:setEReferenceUnique;23002;rr:setEReferenceUnique;23002;5441;23002;4;0;12;0;0;1240;16;0;16;0;156;0;27;25;137;136;73;137;
gmfgen_1.231.ecore;1870;8005;gmfgen_1.232.ecore;1870;8005;-1;0,125;0,016;0;rr:deleteEOperationInEClass;0,016;rr:setEReferenceUnique;0,000;0;0;rr:deleteEOperationInEClass;0;rr:deleteEOperationInEClass;0;5438;rr:setEReferenceUnique;5438;rr:setEReferenceUnique;5438;22999;rr:setEReferenceUnique;22999;rr:setEReferenceUnique;22999;5438;22999;0;0;0;0;1;1244;1;0;1;0;156;0;27;25;137;136;73;137;
gmfgen_1.232.ecore;1870;8005;gmfgen_1.233.ecore;1864;7989;-1;0,141;0,015;0;rr:deleteEOperationInEClass;0,015;rr:setEReferenceUnique;0,000;0;0;rr:deleteEOperationInEClass;0;rr:deleteEOperationInEClass;0;5440;rr:setEReferenceUnique;5440;rr:setEReferenceUnique;5440;23011;rr:setEReferenceUnique;23011;rr:setEReferenceUnique;23011;5440;23011;0;4;0;9;0;1240;13;0;13;0;156;0;27;25;137;136;73;137;
gmfgen_1.233.ecore;1864;7989;gmfgen_1.234.ecore;1868;8007;-1;0,171;0;0;rr:deleteEOperationInEClass;0;rr:deleteEOperationInEClass;0;0,031;0;rr:deleteEOperationInEClass;0,016;rr:createEOperationInEClass;0,000;5434;rr:setEReferenceUnique;5434;rr:setEReferenceUnique;5434;22999;rr:setEReferenceUnique;22999;rr:setEReferenceUnique;22999;5434;22999;3;0;6;0;0;1240;9;0;9;0;156;0;27;25;137;136;73;137;
gmfgen_1.234.ecore;1868;8007;gmfgen_1.235.ecore;1872;8020;-1;0,172;0,015;0;rr:deleteEOperationInEClass;0,015;rr:setEReferenceUnique;0,000;0;0;rr:deleteEOperationInEClass;0;rr:deleteEOperationInEClass;0;5445;rr:setEReferenceUnique;5445;rr:setEReferenceUnique;5445;23041;rr:setEReferenceUnique;23041;rr:setEReferenceUnique;23041;5445;23041;2;0;6;0;1;1243;9;0;9;0;156;0;27;25;137;136;73;137;
gmfgen_1.235.ecore;1872;8020;gmfgen_1.236.ecore;1882;8054;-1;0,158;0,016;0;rr:deleteEOperationInEClass;0,016;rr:setEReferenceUnique;0,000;0,016;0;rr:deleteEOperationInEClass;0,016;rr:extractEClass;0,000;5472;rr:setEReferenceUnique;5472;rr:setEReferenceUnique;5472;23132;rr:setEReferenceUnique;23132;rr:setEReferenceUnique;23132;5472;23132;5;0;15;0;0;1245;20;0;20;0;156;0;27;25;137;136;73;137;
gmfgen_1.236.ecore;1882;8054;gmfgen_1.237.ecore;1884;8061;-1;0,141;0,016;0;rr:deleteEOperationInEClass;0,016;rr:setEReferenceUnique;0,000;0;0;rr:deleteEOperationInEClass;0;rr:deleteEOperationInEClass;0;5473;rr:setEReferenceUnique;5473;rr:setEReferenceUnique;5473;23132;rr:setEReferenceUnique;23132;rr:setEReferenceUnique;23132;5473;23132;1;0;3;0;0;1250;4;0;4;0;156;0;27;25;137;136;73;137;
gmfgen_1.237.ecore;1884;8061;gmfgen_1.238.ecore;1886;8071;-1;0,140;0,015;0;rr:deleteEOperationInEClass;0,015;rr:setEReferenceUnique;0,000;0;0;rr:deleteEOperationInEClass;0;rr:deleteEOperationInEClass;0;5478;rr:setEReferenceUnique;5478;rr:setEReferenceUnique;5478;23152;rr:setEReferenceUnique;23152;rr:setEReferenceUnique;23152;5478;23152;1;0;3;0;0;1251;4;0;4;0;156;0;27;25;137;136;73;137;
gmfgen_1.238.ecore;1886;8071;gmfgen_1.239.ecore;1901;8129;-1;0,248;0,015;0;rr:deleteEOperationInEClass;0,015;rr:setEReferenceUnique;0,000;0,124;0;rr:deleteEOperationInEClass;0,078;rr:extractEClass;0,001;5527;rr:setEReferenceUnique;5527;rr:setEReferenceUnique;5527;23329;rr:setEReferenceUnique;23329;rr:setEReferenceUnique;23329;5527;23329;10;0;25;0;0;1252;35;0;35;0;156;0;27;25;137;136;73;137;
gmfgen_1.239.ecore;1901;8129;gmfgen_1.240.ecore;1871;8034;-1;0,531;0,015;0;rr:deleteEOperationInEClass;0,015;rr:setEReferenceUnique;0,000;0,391;0;rr:deleteEOperationInEClass;0,344;rr:remove_empty_referenced_EClass;0,003;5532;rr:setEReferenceUnique;5532;rr:setEReferenceUnique;5532;23364;rr:setEReferenceUnique;23364;rr:setEReferenceUnique;23364;5532;23364;0;18;0;45;0;1244;63;0;63;0;156;0;27;25;137;136;73;137;
gmfgen_1.240.ecore;1871;8034;gmfgen_1.241.ecore;1931;8124;-1;29,813;0,016;0;rr:deleteEOperationInEClass;0,016;rr:setEReferenceUnique;0,000;29,657;0;rr:deleteEOperationInEClass;28,798;rr:create_referenced_EClass;0,190;5705;rr:setEReferenceUnique;5705;rr:setEReferenceUnique;5705;23838;rr:setEReferenceUnique;23838;rr:setEReferenceUnique;23838;5705;23838;60;0;90;0;59;1243;209;0;209;0;156;0;27;25;137;136;73;137;
gmfgen_1.241.ecore;1931;8124;gmfgen_1.242.ecore;1927;8110;-1;0,172;0,015;0;rr:deleteEOperationInEClass;0,015;rr:setEReferenceUnique;0,000;0;0;rr:deleteEOperationInEClass;0;rr:deleteEOperationInEClass;0;5618;rr:setEReferenceUnique;5618;rr:setEReferenceUnique;5618;23400;rr:setEReferenceUnique;23400;rr:setEReferenceUnique;23400;5618;23400;0;2;0;6;0;1301;8;0;8;0;156;0;27;25;137;136;73;137;
gmfgen_1.242.ecore;1927;8110;gmfgen_1.243.ecore;1940;8167;-1;0,452;0,015;0;rr:deleteEOperationInEClass;0,015;rr:setEReferenceUnique;0,000;0,328;0;rr:deleteEOperationInEClass;0,187;rr:create_referenced_EClass;0,002;5688;rr:setEReferenceUnique;5688;rr:setEReferenceUnique;5688;23656;rr:setEReferenceUnique;23656;rr:setEReferenceUnique;23656;5688;23656;15;5;38;14;2;1296;74;0;74;0;156;0;27;25;137;136;73;137;
gmfgen_1.243.ecore;1940;8167;gmfgen_1.244.ecore;1878;8074;-1;34,398;0,032;0;rr:deleteEOperationInEClass;0,032;rr:setEReferenceUnique;0,000;34,195;0;rr:setEReferenceDefaultValueLiteral;33,462;rr:remove_empty_referenced_EClass;0,219;5703;rr:setEReferenceUnique;5703;rr:setEReferenceUnique;5703;23839;rr:setEReferenceUnique;23839;rr:setEReferenceUnique;23839;5703;23839;0;62;0;93;30;1249;185;0;185;0;156;0;27;25;137;136;73;137;
gmfgen_1.244.ecore;1878;8074;gmfgen_1.245.ecore;1878;8074;-1;0,141;0,016;0;rr:deleteEOperationInEClass;0,016;rr:setEReferenceUnique;0,000;0,016;0;rr:deleteEOperationInEClass;0,016;rr:create_sub_EClass;0,000;5486;rr:setEReferenceUnique;5486;rr:setEReferenceUnique;5486;23234;rr:setEReferenceUnique;23234;rr:setEReferenceUnique;23234;5486;23234;6;4;12;12;0;1245;34;0;34;0;156;0;27;25;137;136;73;137;
gmfgen_1.245.ecore;1878;8074;gmfgen_1.246.ecore;1871;8051;-1;0,187;0,016;0;rr:deleteEOperationInEClass;0,016;rr:setEReferenceUnique;0,000;0,031;0;rr:deleteEOperationInEClass;0,016;rr:setEClassInstanceTypeName;0,000;5492;rr:setEReferenceUnique;5492;rr:setEReferenceUnique;5492;23266;rr:setEReferenceUnique;23266;rr:setEReferenceUnique;23266;5492;23266;2;7;10;18;11;1244;48;0;48;0;156;0;27;25;137;136;73;137;
gmfgen_1.246.ecore;1871;8051;gmfgen_1.247.ecore;1886;8106;-1;0,187;0;0;rr:deleteEOperationInEClass;0;rr:deleteEOperationInEClass;0;0,062;0;rr:deleteEOperationInEClass;0,047;rr:create_referenced_EClass;0,000;5491;rr:setEReferenceUnique;5491;rr:setEReferenceUnique;5491;23256;rr:setEReferenceUnique;23256;rr:setEReferenceUnique;23256;5491;23256;11;0;26;0;0;1246;37;0;37;0;156;0;27;25;137;136;73;137;
gmfgen_1.247.ecore;1886;8106;gmfgen_1.248.ecore;1886;8106;-1;0,125;0,016;0;rr:deleteEOperationInEClass;0,016;rr:setEReferenceUnique;0,000;0;0;rr:deleteEOperationInEClass;0;rr:deleteEOperationInEClass;0;5481;rr:setEReferenceUnique;5481;rr:setEReferenceUnique;5481;23222;rr:setEReferenceUnique;23222;rr:setEReferenceUnique;23222;5481;23222;0;0;0;0;1;1257;1;0;1;0;156;0;27;25;137;136;73;137;
Scope: RESOURCE
Matcher: UUID Matcher
Technical-Difference-Builder: Ecore Technical Difference Builder
Rulesbases: EcoreAtomicManual, EcoreComplex, EcoreAtomicGenerated 
Use thread pool: false
Number of threads in the pool: 32
Recognition-Rules per thread: 10
Sort of Recognition-Rule nodes: true
Rule set reduction: false
Build minimal working graph per rule: false
Validate: false
Recognition-Engine mode: LIFTING_AND_POST_PROCESSING
